{
  "target": "213.79.86.133:40044",
  "timestamp": 1755516209.1864326,
  "total_users_tested": 107,
  "results": {
    "root": 0.14780068397521973,
    "admin": 0.1413586139678955,
    "administrator": 0.2074744701385498,
    "user": 0.18447375297546387,
    "guest": 0.13444972038269043,
    "test": 0.16654062271118164,
    "oracle": 0.19467616081237793,
    "postgres": 0.24517488479614258,
    "mysql": 0.16541790962219238,
    "www": 0.2048783302307129,
    "www-data": 0.16586589813232422,
    "apache": 0.15872406959533691,
    "nginx": 0.16289591789245605,
    "ftp": 0.21255040168762207,
    "mail": 0.16602516174316406,
    "postmaster": 0.18273591995239258,
    "webmaster": 0.1517322063446045,
    "support": 0.19060945510864258,
    "service": 0.16311144828796387,
    "daemon": 0.19149041175842285,
    "bin": 0.20528244972229004,
    "sys": 0.16619610786437988,
    "sync": 0.14357566833496094,
    "games": 0.16272854804992676,
    "man": 0.13573503494262695,
    "lp": 0.17659401893615723,
    "news": 0.15371227264404297,
    "uucp": 0.17074275016784668,
    "proxy": 0.17197871208190918,
    "lists": 0.20090627670288086,
    "irc": 0.1741173267364502,
    "gnats": 0.1652824878692627,
    "nobody": 0.1671607494354248,
    "systemd-network": 0.15281248092651367,
    "systemd-resolve": 0.18697690963745117,
    "syslog": 0.13171768188476562,
    "messagebus": 0.17132234573364258,
    "_apt": 0.16432547569274902,
    "uuidd": 0.23412632942199707,
    "tcpdump": 0.18857932090759277,
    "sshd": 0.14379072189331055,
    "landscape": 0.20286297798156738,
    "pollinate": 0.18741416931152344,
    "ubuntu": 0.18454670906066895,
    "ec2-user": 0.16805601119995117,
    "centos": 0.23385882377624512,
    "debian": 0.16660737991333008,
    "fedora": 0.17014026641845703,
    "redhat": 0.1947948932647705,
    "suse": 0.1724076271057129,
    "opensuse": 0.14912915229797363,
    "kali": 0.1955256462097168,
    "parrot": 0.1350553035736084,
    "docker": 0.17357897758483887,
    "kubernetes": 0.19739913940429688,
    "jenkins": 0.18264365196228027,
    "gitlab": 0.2075049877166748,
    "github": 0.16203594207763672,
    "bitbucket": 0.1651325225830078,
    "travis": 0.1750476360321045,
    "ansible": 0.17220473289489746,
    "puppet": 0.16276812553405762,
    "chef": 0.17313647270202637,
    "salt": 0.1398029327392578,
    "nagios": 0.1919093132019043,
    "zabbix": 0.15597033500671387,
    "cacti": 0.15188336372375488,
    "splunk": 0.1546316146850586,
    "elk": 0.17208504676818848,
    "logstash": 0.23450231552124023,
    "kibana": 0.26991772651672363,
    "grafana": 0.16359972953796387,
    "prometheus": 0.1741030216217041,
    "influxdb": 0.16643834114074707,
    "telegraf": 0.22940373420715332,
    "collectd": 0.16302204132080078,
    "elasticsearch": 0.17151665687561035,
    "mongodb": 0.16813111305236816,
    "redis": 0.16271328926086426,
    "memcached": 0.15965509414672852,
    "rabbitmq": 0.17282414436340332,
    "kafka": 0.17255020141601562,
    "zookeeper": 0.15444612503051758,
    "cassandra": 0.1728668212890625,
    "hadoop": 0.16922402381896973,
    "hdfs": 0.18939876556396484,
    "yarn": 0.1480262279510498,
    "spark": 0.16603565216064453,
    "flink": 0.16651344299316406,
    "storm": 0.15618538856506348,
    "squid": 0.14110398292541504,
    "haproxy": 0.18256235122680664,
    "varnish": 0.15714287757873535,
    "traefik": 0.16202306747436523,
    "envoy": 0.16085362434387207,
    "consul": 0.16220355033874512,
    "vault": 0.17567801475524902,
    "nomad": 0.1686267852783203,
    "terraform": 0.1981358528137207,
    "packer": 0.1562485694885254,
    "vagrant": 0.1699824333190918,
    "docker-user": 0.14121556282043457,
    "podman": 0.16212821006774902,
    "containerd": 0.16350460052490234,
    "kubernetes-user": 0.17187023162841797,
    "helm": 0.16329050064086914,
    "kubectl": 0.18134140968322754
  },
  "anomalies": [
    {
      "user": "guest",
      "time": 0.13444972038269043,
      "type": "fast"
    },
    {
      "user": "postgres",
      "time": 0.24517488479614258,
      "type": "slow"
    },
    {
      "user": "ftp",
      "time": 0.21255040168762207,
      "type": "slow"
    },
    {
      "user": "man",
      "time": 0.13573503494262695,
      "type": "fast"
    },
    {
      "user": "syslog",
      "time": 0.13171768188476562,
      "type": "fast"
    },
    {
      "user": "uuidd",
      "time": 0.23412632942199707,
      "type": "slow"
    },
    {
      "user": "centos",
      "time": 0.23385882377624512,
      "type": "slow"
    },
    {
      "user": "parrot",
      "time": 0.1350553035736084,
      "type": "fast"
    },
    {
      "user": "logstash",
      "time": 0.23450231552124023,
      "type": "slow"
    },
    {
      "user": "kibana",
      "time": 0.26991772651672363,
      "type": "slow"
    },
    {
      "user": "telegraf",
      "time": 0.22940373420715332,
      "type": "slow"
    }
  ]
}
