{
  "target": "213.79.86.130:8022",
  "timestamp": 1755516601.9016335,
  "total_users_tested": 107,
  "results": {
    "root": 0.13721346855163574,
    "admin": 0.255828857421875,
    "administrator": 0.21647024154663086,
    "user": 0.2219104766845703,
    "guest": 0.1893162727355957,
    "test": 0.21625447273254395,
    "oracle": 0.23409223556518555,
    "postgres": 0.28836870193481445,
    "mysql": 0.21702933311462402,
    "www": 0.2200000286102295,
    "www-data": 0.21580290794372559,
    "apache": 0.21688532829284668,
    "nginx": 0.23864293098449707,
    "ftp": 0.23836874961853027,
    "mail": 0.17533326148986816,
    "postmaster": 0.21952342987060547,
    "webmaster": 0.25634002685546875,
    "support": 0.2175309658050537,
    "service": 0.21709465980529785,
    "daemon": 0.22890973091125488,
    "bin": 0.22474169731140137,
    "sys": 0.22651982307434082,
    "sync": 0.21988248825073242,
    "games": 0.2868039608001709,
    "man": 0.21990299224853516,
    "lp": 0.15479421615600586,
    "news": 0.19855308532714844,
    "uucp": 0.2047572135925293,
    "proxy": 0.16477155685424805,
    "lists": 0.1943340301513672,
    "irc": 0.16857194900512695,
    "gnats": 0.1892099380493164,
    "nobody": 0.18131589889526367,
    "systemd-network": 0.19077086448669434,
    "systemd-resolve": 0.1755390167236328,
    "syslog": 0.16224074363708496,
    "messagebus": 0.13762450218200684,
    "_apt": 0.1907188892364502,
    "uuidd": 0.24217677116394043,
    "tcpdump": 0.18854928016662598,
    "sshd": 0.20805764198303223,
    "landscape": 0.16745758056640625,
    "pollinate": 0.19324707984924316,
    "ubuntu": 0.1760091781616211,
    "ec2-user": 0.16648435592651367,
    "centos": 0.17070627212524414,
    "debian": 0.19468116760253906,
    "fedora": 0.19646096229553223,
    "redhat": 0.16357851028442383,
    "suse": 0.16178607940673828,
    "opensuse": 0.16814446449279785,
    "kali": 0.1728990077972412,
    "parrot": 0.20997977256774902,
    "docker": 0.18070363998413086,
    "kubernetes": 0.20274829864501953,
    "jenkins": 0.16373348236083984,
    "gitlab": 0.1809520721435547,
    "github": 0.18628787994384766,
    "bitbucket": 0.16935014724731445,
    "travis": 0.15948987007141113,
    "ansible": 0.23209762573242188,
    "puppet": 0.18416094779968262,
    "chef": 0.16598296165466309,
    "salt": 0.17112326622009277,
    "nagios": 0.13886690139770508,
    "zabbix": 0.19752192497253418,
    "cacti": 0.20209956169128418,
    "splunk": 0.1841597557067871,
    "elk": 0.21088933944702148,
    "logstash": 0.15686559677124023,
    "kibana": 0.18886518478393555,
    "grafana": 0.1784651279449463,
    "prometheus": 0.14611577987670898,
    "influxdb": 0.19617128372192383,
    "telegraf": 0.16380786895751953,
    "collectd": 0.19757652282714844,
    "elasticsearch": 0.2089698314666748,
    "mongodb": 0.16648030281066895,
    "redis": 0.19266581535339355,
    "memcached": 0.17419815063476562,
    "rabbitmq": 0.19921493530273438,
    "kafka": 0.15646600723266602,
    "zookeeper": 0.17117571830749512,
    "cassandra": 0.18343400955200195,
    "hadoop": 0.174055814743042,
    "hdfs": 0.17054152488708496,
    "yarn": 0.17965960502624512,
    "spark": 0.18336009979248047,
    "flink": 0.2653062343597412,
    "storm": 0.18139386177062988,
    "squid": 0.18581891059875488,
    "haproxy": 0.24328374862670898,
    "varnish": 0.18543124198913574,
    "traefik": 0.17217206954956055,
    "envoy": 0.18100476264953613,
    "consul": 0.29088568687438965,
    "vault": 0.1766679286956787,
    "nomad": 0.19475388526916504,
    "terraform": 0.1856827735900879,
    "packer": 0.19420480728149414,
    "vagrant": 0.1707150936126709,
    "docker-user": 0.233076810836792,
    "podman": 0.18808436393737793,
    "containerd": 0.17972373962402344,
    "kubernetes-user": 0.1756744384765625,
    "helm": 0.16732478141784668,
    "kubectl": 0.1900475025177002
  },
  "anomalies": [
    {
      "user": "root",
      "time": 0.13721346855163574,
      "type": "fast"
    },
    {
      "user": "admin",
      "time": 0.255828857421875,
      "type": "slow"
    },
    {
      "user": "postgres",
      "time": 0.28836870193481445,
      "type": "slow"
    },
    {
      "user": "webmaster",
      "time": 0.25634002685546875,
      "type": "slow"
    },
    {
      "user": "games",
      "time": 0.2868039608001709,
      "type": "slow"
    },
    {
      "user": "messagebus",
      "time": 0.13762450218200684,
      "type": "fast"
    },
    {
      "user": "uuidd",
      "time": 0.24217677116394043,
      "type": "slow"
    },
    {
      "user": "nagios",
      "time": 0.13886690139770508,
      "type": "fast"
    },
    {
      "user": "prometheus",
      "time": 0.14611577987670898,
      "type": "fast"
    },
    {
      "user": "flink",
      "time": 0.2653062343597412,
      "type": "slow"
    },
    {
      "user": "haproxy",
      "time": 0.24328374862670898,
      "type": "slow"
    },
    {
      "user": "consul",
      "time": 0.29088568687438965,
      "type": "slow"
    }
  ]
}
